id,baseid,age,scan,dx1,dx2,metric
A1,A1,70,bl,0,0,-1.083558027
A1b,A1,76,fu,1,0,-0.399353004
A2,A2,75,bl,0,0,-0.10209632
A3,A3,79,bl,0,1,-0.019101348
A4,A4,71,bl,0,1,-0.262510273
A4b,A4,73,fu,1,1,-0.001084422
A5,A5,61,bl,0,0,0.030260506
A5b,A5,65,fu,0,0,0.046239476
A6,A6,77,bl,0,1,0.392545302
A6b,A6,78,fu,0,1,0.268931919
A7,A7,72,bl,0,1,0.195672958
A7b,A7,77,fu,1,1,-0.006170946
A8,A8,61,bl,0,0,1.212136703
A9,A9,67,bl,0,0,0.587848328
A10,A10,82,bl,0,0,0.236437138